"Epic","Feature","Story","FAILED","BROKEN","PASSED","SKIPPED","UNKNOWN"
"","","GET Product Response Time","0","0","3","0","0"
"","","POST Product","7","0","0","0","0"
"","","GET Products","4","0","0","0","0"
"","","DELETE Users","3","0","0","0","0"
"","","UPDATE Carts","8","0","0","0","0"
"","","DELETE Carts","6","0","0","0","0"
"","","GET Users","7","0","0","0","0"
"","","POST User","4","0","0","0","0"
"","","GET Carts","7","0","0","0","0"
"","","PUT Product","4","3","0","0","0"
"","","POST Cart","6","0","0","0","0"
"","","","0","0","5","0","0"
"","","DELETE Product","6","0","0","0","0"
"","","UPDATE Users","2","0","0","0","0"
